Mail Agricultor;Nombre Agricultor;Apellido Agricultor;Mail Cliente;Nombre Cliente;Apellido Cliente;Nombre Campo;Ubicaci√≥n de Campo;Fruta Cosechada;Variedad Cosechada
mtreutel@email.com;Madison;Treutel;lcummerata@email.com;Lea;Cummerata;voluptatem ;139 Lucio Tunnel;brocoli;large
mhowell@email.com;Mckenzie;Howell;sschuppe@email.com;Salvador;Schuppe;quaerat aut;18764 Johathan Forks;mango;extra large
cmckenzie@email.com;Calista;McKenzie;dkshlerin@email.com;Dannie;Kshlerin;consequatur;71253 Prince Point;apple;extra large
dbaumbach@email.com;Dax;Baumbach;ahessel@email.com;Ava;Hessel;sunt dolore;28031 Reilly Points;apple;large
mlarkin@email.com;Miles;Larkin;dkshlerin@email.com;Dannie;Kshlerin;eligendi al;3064 Schulist Club;brocoli;medium
ndubuque@email.com;Nicklaus;DuBuque;akeebler@email.com;Aaliyah;Keebler;enim perspi;139 Lucio Tunnel;brocoli;large
jsporer@email.com;Josiah;Sporer;dkshlerin@email.com;Dannie;Kshlerin;et est et;55527 Auer Ramp;mango;medium
cmckenzie@email.com;Calista;McKenzie;hpouros@email.com;Howard;Pouros;vel dicta v;137 Lebsack Valleys;carrot;small
jsporer@email.com;Josiah;Sporer;hpouros@email.com;Howard;Pouros;aperiam par;3064 Schulist Club;mango;large
bschoen@email.com;Benjamin;Schoen;lcummerata@email.com;Lea;Cummerata;;99668 Stephania Isle;avocado;large
kwiza@email.com;Keyshawn;Wiza;frempel@email.com;Fabian;Rempel;odit rerum ;375 Stokes Loaf;avocado;large
rwiza@email.com;Roberto;Wiza;msenger@email.com;Mara;Senger;eius laudan;5739 Parisian Ways;avocado;extra large
hdickinson@email.com;Hardy;Dickinson;akeebler@email.com;Aaliyah;Keebler;nihil minim;423 Ola Brook;avocado;extra large
;;;;;;;;;
ngutmann@email.com;Neoma;Gutmann;twolf@email.com;Tatyana;Wolf;dolorem qua;3064 Schulist Club;orange;extra large
fmohr@email.com;Franco;Mohr;mdaugherty@email.com;Martina;Daugherty;ut et nobis;10617 Bruen Mall;onion;small
rrolfson@email.com;Rudy;Rolfson;jkub@email.com;Jovan;Kub;rerum conse;67117 Ava Center;orange;extra large
cankunding@email.com;Corine;Ankunding;hpouros@email.com;Howard;Pouros;in ea amet;;avocado;extra large
cmckenzie@email.com;Calista;McKenzie;aullrich@email.com;Abbigail;Ullrich;consequatur;64101 Jeffery Ranch;carrot;extra large
ekrajcik@email.com;Elmo;Krajcik;frempel@email.com;Fabian;Rempel;est et sed;2187 Sydnie Vista;brocoli;extra large
dglover@email.com;Donny;Glover;ahessel@email.com;;Hessel;vero odit n;675 Alanna Ports;mango;extra large
mhowell@email.com;Mckenzie;Howell;no'conner@email.com;Narciso;O'Conner;quaerat aut;128 Wilkinson Crossing;avocado;large
tpowlowski@email.com;Tamara;Powlowski;gcorkery@email.com;Graham;Corkery;vero iusto ;43975 Zieme Meadows;carrot;small
jo'reilly@email.com;Jackeline;O'Reilly;dgreenholt@email.com;Dayna;Greenholt;quisquam co;492 Weldon Mission;onion;large
lraynor@email.com;Libby;Raynor;zlakin@email.com;Zelda;Lakin;alias ipsam;375 Stokes Loaf;brocoli;medium
bgerhold@email.com;Britney;Gerhold;ahessel@email.com;Ava;Hessel;unde alias ;22727 Steuber Hill;carrot;extra large
bschoen@email.com;Benjamin;Schoen;;Tatyana;Wolf;recusandae ;675 Alanna Ports;mango;small
rwiza@email.com;Roberto;Wiza;akautzer@email.com;Aryanna;Kautzer;eius laudan;011 Ludie Station;avocado;large
bgerhold@email.com;Britney;Gerhold;frempel@email.com;Fabian;Rempel;sequi archi;0581 Denesik Bypass;onion;large
ndubuque@email.com;Nicklaus;DuBuque;tlueilwitz@email.com;Tyree;Lueilwitz;veritatis a;6780 Rowena Estate;carrot;large
ibrekke@email.com;Ivy;Brekke;aullrich@email.com;Abbigail;Ullrich;sint nobis ;99668 Stephania Isle;apple;extra large
ngutmann@email.com;Neoma;Gutmann;hrath@email.com;Hertha;Rath;est corrupt;55527 Auer Ramp;brocoli;small
dglover@email.com;Donny;Glover;ahessel@email.com;Ava;Hessel;dicta neque;193 Thiel Glens;onion;extra large
cmckenzie@email.com;Calista;McKenzie;gcorkery@email.com;Graham;Corkery;vel dicta v;64101 Jeffery Ranch;avocado;small
ndubuque@email.com;Nicklaus;DuBuque;glittel@email.com;Guido;Littel;enim perspi;22727 Steuber Hill;brocoli;large
trunolfsdottir@email.com;Thelma;Runolfsdottir;mwiegand@email.com;Maeve;Wiegand;asperiores ;82123 Reilly Branch;brocoli;medium
jsporer@email.com;Josiah;Sporer;dfisher@email.com;Darby;Fisher;et est et;67117 Ava Center;mango;medium
cankunding@email.com;Corine;Ankunding;msenger@email.com;Mara;Senger;in ea amet;3064 Schulist Club;apple;extra large
cmckenzie@email.com;Calista;McKenzie;sschuppe@email.com;Salvador;Schuppe;;438 Johathan Lodge;carrot;medium
kfeeney@email.com;Keon;Feeney;;Ava;Hessel;est iste su;64101 Jeffery Ranch;avocado;small
rrempel@email.com;Roger;Rempel;mlynch@email.com;Meda;Lynch;quo unde se;5739 Parisian Ways;onion;medium
fmohr@email.com;Franco;Mohr;glittel@email.com;Guido;Littel;ut et nobis;128 Wilkinson Crossing;carrot;medium
ngutmann@email.com;Neoma;Gutmann;hpouros@email.com;Howard;Pouros;odit offici;0090 Leffler Ridges;carrot;large
bschoen@email.com;Benjamin;Schoen;dkshlerin@email.com;Dannie;Kshlerin;animi maxim;0090 Leffler Ridges;carrot;extra large
afay@email.com;Arely;Fay;mwiegand@email.com;Maeve;Wiegand;minus aut o;5739 Parisian Ways;apple;large
ahudson@email.com;Alejandrin;Hudson;ao'connell@email.com;Adrien;O'Connell;hic sed min;0090 Leffler Ridges;mango;medium
rrolfson@email.com;Rudy;Rolfson;lmoen@email.com;Leatha;Moen;iusto beata;492 Weldon Mission;mango;small
dbaumbach@email.com;Dax;Baumbach;hrath@email.com;Hertha;Rath;sunt dolore;375 Stokes Loaf;avocado;small
ahudson@email.com;Alejandrin;Hudson;ao'connell@email.com;Adrien;O'Connell;hic sed min;71253 Prince Point;orange;small
jo'reilly@email.com;Jackeline;O'Reilly;twolf@email.com;Tatyana;Wolf;maiores nul;331 Balistreri Trace;apple;medium
dglover@email.com;Donny;Glover;tlueilwitz@email.com;Tyree;Lueilwitz;suscipit vo;327 Yost Curve;apple;extra large
rrolfson@email.com;Rudy;Rolfson;jsauer@email.com;Joel;Sauer;rerum conse;139 Lucio Tunnel;avocado;small
mhowell@email.com;Mckenzie;Howell;tlueilwitz@email.com;Tyree;Lueilwitz;quaerat aut;82123 Reilly Branch;carrot;small
srau@email.com;Sammy;Rau;mlynch@email.com;Meda;Lynch;recusandae ;28031 Reilly Points;carrot;medium
bwalter@email.com;Beverly;Walter;akautzer@email.com;Aryanna;Kautzer;est molesti;0581 Denesik Bypass;orange;extra large
rwilkinson@email.com;Rosalinda;Wilkinson;;Leatha;Moen;quam eius p;;avocado;extra large
bwalter@email.com;Benjamin;Walter;mdaugherty@email.com;Martina;Daugherty;eius laudan;28031 Reilly Points;orange;small
lrunolfsdottir@email.com;Laila;Runolfsdottir;dgreenholt@email.com;Dayna;Greenholt;voluptatibu;67117 Ava Center;mango;large
jsporer@email.com;Josiah;Sporer;rhyatt@email.com;Royal;Hyatt;aperiam par;28031 Reilly Points;orange;extra large
bschoen@email.com;Benjamin;Schoen;dhayes@email.com;Damian;Hayes;animi maxim;22727 Steuber Hill;onion;large
afay@email.com;;Fay;lmoen@email.com;Leatha;Moen;minus aut o;22727 Steuber Hill;avocado;small
lraynor@email.com;Libby;Raynor;sschuppe@email.com;Salvador;Schuppe;alias ipsam;331 Balistreri Trace;mango;medium
mhowell@email.com;Mckenzie;Howell;mhaley@email.com;Myrl;Haley;quaerat aut;375 Stokes Loaf;mango;large
losinski@email.com;Lance;Osinski;hpouros@email.com;Howard;Pouros;est dolores;492 Weldon Mission;apple;large
ndubuque@email.com;Nicklaus;DuBuque;jpagac@email.com;Judge;Pagac;est eos fug;9927 Hills Ridge;brocoli;small
bgerhold@email.com;Britney;Gerhold;jsauer@email.com;Joel;Sauer;sequi archi;67117 Ava Center;orange;medium
mhowell@email.com;Mckenzie;Howell;dkshlerin@email.com;Dannie;Kshlerin;quaerat aut;449 Idell Tunnel;orange;medium
lrunolfsdottir@email.com;Laila;Runolfsdottir;dkshlerin@email.com;Dannie;Kshlerin;occaecati m;331 Balistreri Trace;avocado;extra large
ngutmann@email.com;Neoma;;rhyatt@email.com;Royal;Hyatt;est corrupt;10617 Bruen Mall;mango;medium
bschoen@email.com;Benjamin;Schoen;hrath@email.com;Hertha;Rath;;011 Ludie Station;orange;medium
jking@email.com;Julianne;King;rhyatt@email.com;Royal;Hyatt;aliquam vol;22727 Steuber Hill;orange;medium
rrolfson@email.com;Rudy;Rolfson;jsauer@email.com;Joel;Sauer;rerum conse;5739 Parisian Ways;brocoli;extra large
kwiza@email.com;Keyshawn;Wiza;aullrich@email.com;Abbigail;Ullrich;odit rerum ;016 Schiller Brook;apple;extra large
losinski@email.com;Lance;Osinski;llabadie@email.com;Layne;Labadie;est dolores;423 Ola Brook;brocoli;large
bschoen@email.com;Benjamin;Schoen;sschuppe@email.com;Salvador;Schuppe;recusandae ;0090 Leffler Ridges;apple;large
mhowell@email.com;Mckenzie;Howell;sschuppe@email.com;;Schuppe;quaerat aut;18764 Johathan Forks;carrot;medium
jsporer@email.com;Josiah;Sporer;gcorkery@email.com;Graham;Corkery;aperiam par;139 Lucio Tunnel;apple;small
ibrekke@email.com;Ivy;Brekke;ahessel@email.com;Ava;Hessel;et nulla qu;011 Ludie Station;apple;large
losinski@email.com;Lance;Osinski;mwiegand@email.com;Maeve;Wiegand;est dolores;375 Stokes Loaf;brocoli;extra large
kpacocha@email.com;Kristian;;mwiegand@email.com;Maeve;Wiegand;sunt non mi;137 Lebsack Valleys;avocado;small
mfunk@email.com;Maia;Funk;msenger@email.com;Mara;Senger;porro maxim;327 Yost Curve;orange;small
cpouros@email.com;Claudine;Pouros;gcorkery@email.com;Graham;Corkery;ullam expli;64101 Jeffery Ranch;brocoli;large
lhansen@email.com;Llewellyn;Hansen;zlakin@email.com;Zelda;Lakin;officia neq;193 Thiel Glens;apple;large
mtreutel@email.com;Madison;Treutel;msenger@email.com;Mara;Senger;voluptatem ;139 Lucio Tunnel;apple;medium
ekrajcik@email.com;Elmo;Krajcik;llabadie@email.com;Layne;Labadie;ut eum in;193 Thiel Glens;carrot;large
bwalter@email.com;Beverly;Walter;jkub@email.com;Jovan;Kub;est molesti;43975 Zieme Meadows;apple;small
jsporer@email.com;Josiah;Sporer;dhayes@email.com;;Hayes;aperiam par;327 Yost Curve;avocado;small
afay@email.com;Arely;Fay;akeebler@email.com;Aaliyah;Keebler;minus aut o;438 Johathan Lodge;carrot;large
ahudson@email.com;Alejandrin;Hudson;ahessel@email.com;Ava;Hessel;hic sed min;67117 Ava Center;orange;medium
ngutmann@email.com;Neoma;Gutmann;no'conner@email.com;Narciso;O'Conner;dolorem qua;0581 Denesik Bypass;onion;medium
jmarks@email.com;Jewell;Marks;mwiegand@email.com;Maeve;Wiegand;ut dolore b;;mango;extra large
ahudson@email.com;Alejandrin;Hudson;no'conner@email.com;Narciso;O'Conner;hic sed min;0090 Leffler Ridges;orange;medium
jo'reilly@email.com;Jackeline;O'Reilly;twolf@email.com;Tatyana;Wolf;quisquam co;3064 Schulist Club;apple;small
rrolfson@email.com;Rudy;Rolfson;aullrich@email.com;Abbigail;Ullrich;rerum conse;22727 Steuber Hill;mango;large
rrolfson@email.com;Rudy;Rolfson;ao'connell@email.com;Adrien;O'Connell;rerum ut ve;9927 Hills Ridge;apple;medium
mlarkin@email.com;Miles;Larkin;msenger@email.com;Mara;Senger;perferendis;5739 Parisian Ways;apple;large
mfunk@email.com;Maia;Funk;mwiegand@email.com;Maeve;Wiegand;porro maxim;423 Ola Brook;brocoli;medium
bwalter@email.com;Beverly;Walter;jkub@email.com;Jovan;Kub;est molesti;99668 Stephania Isle;carrot;medium
bgerhold@email.com;Britney;Gerhold;mdaugherty@email.com;Martina;Daugherty;sequi archi;0090 Leffler Ridges;orange;small
mtreutel@email.com;Madison;Treutel;sschuppe@email.com;Salvador;Schuppe;voluptatem ;5739 Parisian Ways;avocado;large
lrunolfsdottir@email.com;Laila;Runolfsdottir;hpouros@email.com;Howard;Pouros;occaecati m;2187 Sydnie Vista;onion;medium